filename,Benign,Suspicious,Malignant,Melanoma
mel2.JPG,0.22340176,0.071513765,0.7027906,0.69211924
ISIC_0000013.jpg,0.4198559,0.000426047,0.5793593,0.5763504
nv.JPG,0.50218755,0.00010427997,0.49768162,0.49759802
mel.JPG,0.6028776,0.00081720605,0.39613956,0.39190096
ISIC_0000049_downsampled.jpg,0.23569533,0.00050023734,0.763701,0.7629289
ISIC_0000157.jpg,0.22000301,1.9138031e-05,0.7800322,0.77969474
ak.jpg,0.01347768,0.74722135,0.20574027,0.01245955
