filename,Benign,Suspicious,Malignant,Melanoma
ISIC_2785419.jpg,0.9697238,6.7217734e-05,0.030209055,0.030021071
